{"cameraMode":{"drawMode":0,"name":"Shaded","section":"Shading Mode"},"sceneLighting":false,"audioPlay":false,"sceneViewState":{"m_AlwaysRefresh":false,"showFog":false,"showSkybox":false,"showFlares":false,"showImageEffects":false,"showParticleSystems":false,"showVisualEffectGraphs":true,"m_FxEnabled":true},"in2DMode":false,"pivot":{"x":-0.047580305486917499,"y":0.08443113416433335,"z":-0.1570538729429245},"rotation":{"x":-0.0009791916236281396,"y":0.9972301125526428,"z":-0.07342851907014847,"w":-0.01316683366894722},"size":1.354406714439392,"orthographic":false}