{"cameraMode":{"drawMode":0,"name":"Shaded","section":"Shading Mode"},"sceneLighting":false,"audioPlay":false,"sceneViewState":{"m_AlwaysRefresh":false,"showFog":false,"showSkybox":false,"showFlares":false,"showImageEffects":false,"showParticleSystems":false,"showVisualEffectGraphs":true,"m_FxEnabled":true},"in2DMode":false,"pivot":{"x":0.1689903438091278,"y":1.4913270473480225,"z":-0.3515990376472473},"rotation":{"x":0.002107651438564062,"y":-0.9931785464286804,"z":0.11522500216960907,"w":0.018174197524785997},"size":0.8805185556411743,"orthographic":false}