{"cameraMode":{"drawMode":0,"name":"Shaded","section":"Shading Mode"},"sceneLighting":false,"audioPlay":false,"sceneViewState":{"m_AlwaysRefresh":false,"showFog":false,"showSkybox":false,"showFlares":false,"showImageEffects":false,"showParticleSystems":false,"showVisualEffectGraphs":true,"m_FxEnabled":true},"in2DMode":false,"pivot":{"x":-0.7757827043533325,"y":0.05142749845981598,"z":-0.26492634415626528},"rotation":{"x":0.03420591726899147,"y":-0.9247838854789734,"z":0.08569446206092835,"w":0.36915257573127749},"size":1.143241047859192,"orthographic":false}