{"cameraMode":{"drawMode":0,"name":"Shaded","section":"Shading Mode"},"sceneLighting":false,"audioPlay":false,"sceneViewState":{"m_AlwaysRefresh":false,"showFog":false,"showSkybox":false,"showFlares":false,"showImageEffects":false,"showParticleSystems":false,"showVisualEffectGraphs":true,"m_FxEnabled":true},"in2DMode":false,"pivot":{"x":-0.1698794662952423,"y":0.29162079095840456,"z":0.8512495160102844},"rotation":{"x":-0.003661448135972023,"y":-0.9961115717887878,"z":0.07214439660310745,"w":-0.05054997652769089},"size":0.32009342312812807,"orthographic":false}